{
  "val_accuracy": 0.8044692737430168,
  "val_loss": 0.43868762254714966
}